Time,Width,Cut-off,Weight Function,Contact Stress XX,Contact Stress XY,Contact Stress XZ,Contact Stress YX,Contact Stress YY,Contact Stress YZ,Contact Stress ZX,Contact Stress ZY,Contact Stress ZZ,Kinetic Stress XX,Kinetic Stress XY,Kinetic Stress XZ,Kinetic Stress YY,Kinetic Stress YZ,Kinetic Stress ZZ,Volume Fraction,Density,Momentum X,Momentum Y,Momentum Z,Velocity X,Velocity Y,Velocity Z,Particle Number,W/Dp
0.3,0.105,0.105,EDEM - Gaussian,53034.7,237.16,874.517,237.16,52980.6,1191.86,874.517,1191.86,278683.0,0.0,0.0,0.0,0.0,0.0,0.0,0.75252,1881.3,-0.109374,-0.0894554,-0.278255,-0.0000581373,-0.0000475498,-0.000147906,0.0,5.25
0.3,0.025,0.025,EDEM - Gaussian,56197.1,578.033,-666.172,578.033,55610.6,4212.65,-666.172,4212.65,294903.0,0.0,0.0,0.0,0.0,0.0,0.0,0.791651,1979.13,-0.16258,-0.131046,-0.286987,-0.0000821476,-0.0000662142,-0.000145007,0.0,1.25
0.3,0.07,0.07,EDEM - Gaussian,52909.2,202.129,879.833,202.129,53281.0,1206.05,879.833,1206.05,279117.0,0.0,0.0,0.0,0.0,0.0,0.0,0.752501,1881.25,-0.115727,-0.0962577,-0.28223,-0.0000615159,-0.0000511668,-0.000150022,0.0,3.5
0.3,0.06,0.06,EDEM - Gaussian,52859.0,194.76,856.509,194.76,53406.7,1177.41,856.509,1177.41,279314.0,0.0,0.0,0.0,0.0,0.0,0.0,0.752589,1881.47,-0.117216,-0.0980207,-0.282748,-0.0000622999,-0.0000520978,-0.00015028,0.0,3.0
0.3,0.18,0.18,EDEM - Gaussian,52955.2,259.328,832.425,259.328,52767.4,1041.41,832.425,1041.41,278224.0,0.0,0.0,0.0,0.0,0.0,0.0,0.752496,1881.24,-0.089535,-0.0701364,-0.256136,-0.0000475936,-0.000037282,-0.000136153,0.0,9.0
0.3,0.05,0.05,EDEM - Gaussian,52836.3,207.786,764.082,207.786,53504.3,1181.95,764.082,1181.95,279485.0,0.0,0.0,0.0,0.0,0.0,0.0,0.752599,1881.5,-0.11883,-0.0998182,-0.283314,-0.0000631569,-0.0000530525,-0.000150579,0.0,2.5
0.3,0.045,0.045,EDEM - Gaussian,52848.4,234.368,658.425,234.368,53501.7,1262.08,658.425,1262.08,279502.0,0.0,0.0,0.0,0.0,0.0,0.0,0.752414,1881.04,-0.120119,-0.100933,-0.282815,-0.0000638578,-0.0000536582,-0.000150351,0.0,2.25
0.3,0.03,0.03,EDEM - Gaussian,53831.4,462.043,-162.204,462.043,53743.1,2834.93,-162.204,2834.93,283210.0,0.0,0.0,0.0,0.0,0.0,0.0,0.76113,1902.83,-0.13985,-0.114675,-0.27924,-0.0000734962,-0.0000602654,-0.00014675,0.0,1.5
0.3,0.21,0.21,EDEM - Gaussian,52897.5,247.317,813.589,247.317,52742.2,983.627,813.589,983.627,278075.0,0.0,0.0,0.0,0.0,0.0,0.0,0.752489,1881.22,-0.0804327,-0.0615865,-0.239359,-0.0000427556,-0.0000327375,-0.000127236,0.0,10.5
0.3,0.15,0.15,EDEM - Gaussian,53010.8,260.139,849.829,260.139,52811.8,1102.26,849.829,1102.26,278376.0,0.0,0.0,0.0,0.0,0.0,0.0,0.752495,1881.24,-0.0982219,-0.0784444,-0.26779,-0.0000522113,-0.0000416983,-0.000142348,0.0,7.5000005
0.3,0.04,0.04,EDEM - Gaussian,52925.1,284.117,484.154,284.117,53467.2,1480.8,484.154,1480.8,279646.0,0.0,0.0,0.0,0.0,0.0,0.0,0.75253,1881.32,-0.122522,-0.102639,-0.282605,-0.0000651253,-0.0000545567,-0.000150216,0.0,2.0
0.3,0.12,0.12,EDEM - Gaussian,53042.5,247.85,866.974,247.85,52904.3,1164.08,866.974,1164.08,278563.0,0.0,0.0,0.0,0.0,0.0,0.0,0.752516,1881.29,-0.105972,-0.0860342,-0.27553,-0.0000563292,-0.0000457315,-0.000146458,0.0,6.0
0.3,0.165,0.165,EDEM - Gaussian,52983.9,261.344,841.192,261.344,52785.5,1071.42,841.192,1071.42,278297.0,0.0,0.0,0.0,0.0,0.0,0.0,0.752491,1881.23,-0.0939607,-0.0743476,-0.262538,-0.0000499465,-0.0000395208,-0.000139557,0.0,8.25
0.3,0.24,0.24,EDEM - Gaussian,52846.1,227.891,792.532,227.891,52723.2,929.275,792.532,929.275,277927.0,0.0,0.0,0.0,0.0,0.0,0.0,0.752474,1881.18,-0.0714918,-0.0533163,-0.216239,-0.0000380036,-0.0000283419,-0.000114948,0.0,12.0
0.3,0.135,0.135,EDEM - Gaussian,53031.4,255.612,858.41,255.612,52849.1,1133.38,858.41,1133.38,278459.0,0.0,0.0,0.0,0.0,0.0,0.0,0.752495,1881.24,-0.102237,-0.0823491,-0.272074,-0.0000543455,-0.0000437739,-0.000144625,0.0,6.7500005
0.3,0.09,0.09,EDEM - Gaussian,53004.9,223.731,880.112,223.731,53088.7,1212.13,880.112,1212.13,278856.0,0.0,0.0,0.0,0.0,0.0,0.0,0.752563,1881.41,-0.112378,-0.0925643,-0.280271,-0.0000597308,-0.0000491995,-0.000148969,0.0,4.5
0.3,0.08,0.08,EDEM - Gaussian,52966.4,213.136,882.442,213.136,53178.7,1216.52,882.442,1216.52,278989.0,0.0,0.0,0.0,0.0,0.0,0.0,0.752568,1881.42,-0.114176,-0.0944987,-0.281442,-0.0000606858,-0.0000502273,-0.00014959,0.0,4.0
0.3,0.035,0.035,EDEM - Gaussian,53126.3,360.758,220.523,360.758,53427.0,1953.23,220.523,1953.23,280203.0,0.0,0.0,0.0,0.0,0.0,0.0,0.753649,1884.12,-0.12794,-0.106343,-0.280425,-0.0000679045,-0.0000564416,-0.000148836,0.0,1.75
0.3,0.195,0.195,EDEM - Gaussian,52925.1,254.503,823.177,254.503,52752.7,1012.0,823.177,1012.0,278146.0,0.0,0.0,0.0,0.0,0.0,0.0,0.752483,1881.21,-0.0850001,-0.0658594,-0.248476,-0.0000451838,-0.0000350091,-0.000132083,0.0,9.75
0.3,0.055,0.055,EDEM - Gaussian,52836.9,196.711,824.115,196.711,53460.3,1167.16,824.115,1167.16,279387.0,0.0,0.0,0.0,0.0,0.0,0.0,0.75256,1881.4,-0.117936,-0.0988727,-0.283018,-0.0000626853,-0.0000525527,-0.000150429,0.0,2.75
0.3,0.075,0.075,EDEM - Gaussian,52939.0,207.604,881.774,207.604,53227.1,1213.79,881.774,1213.79,279049.0,0.0,0.0,0.0,0.0,0.0,0.0,0.752529,1881.32,-0.114966,-0.0953818,-0.281849,-0.0000611091,-0.0000506994,-0.000149814,0.0,3.7500002
0.3,0.065,0.065,EDEM - Gaussian,52883.0,197.392,872.421,197.392,53343.0,1193.3,872.421,1193.3,279213.0,0.0,0.0,0.0,0.0,0.0,0.0,0.752541,1881.35,-0.116491,-0.0971525,-0.282595,-0.0000619189,-0.0000516397,-0.000150209,0.0,3.25
0.3,0.15,0.15,MercuryCG - Lucy,53029.1,-63.5959,1069.76,-63.1375,53144.6,1077.01,1069.44,1076.29,278228.0,0.000051076495,0.0000048915194,-0.0001371288,0.000052344247,-0.00013287216,0.013546714,0.752818,1882.04,-0.107565,-0.120003,-0.237165,-0.000057153407,-0.00006376219,-0.00012601486,179722.0,7.5000005
0.3,0.0166667,0.05,MercuryCG - Gauss,53039.7,-106.743,1135.89,-93.3767,53210.5,1422.12,1234.31,1473.77,278604.0,0.00000676896,7.831086e-7,-0.000017123579,0.00000720669,-0.000016057675,0.0020008937,0.754333,1885.83,-0.139273,-0.155479,-0.267402,-0.00007385236,-0.00008244593,-0.00014179539,180084.0,2.5
0.3,0.075,0.075,MercuryCG - Lucy,53044.5,-213.372,1139.91,-210.656,53153.8,1316.26,1174.84,1342.79,278764.0,0.0000124626085,0.0000014523473,-0.00003235466,0.000013098128,-0.00003097135,0.003621005,0.752874,1882.18,-0.135391,-0.150492,-0.261081,-0.00007193308,-0.00007995622,-0.00013871203,179735.0,3.7500002
0.3,0.06,0.18,MercuryCG - Gauss,52838.2,-23.0835,964.981,-23.8108,52905.8,977.097,965.339,976.587,277084.0,0.000084073945,0.000007144972,-0.00022245721,0.000085320156,-0.00021711408,0.022099677,0.753017,1882.54,-0.0863628,-0.0973681,-0.197037,-0.00004587568,-0.000051721665,-0.0001046655,179770.0,9.0
0.3,0.24,0.24,MercuryCG - Lucy,52963.1,30.2629,882.224,30.4476,52991.8,901.309,881.28,900.746,277695.0,0.000111523244,0.000008480164,-0.00029074438,0.00011253575,-0.00028517196,0.030056288,0.752791,1881.98,-0.0691223,-0.0787382,-0.143959,-0.0000367285,-0.000041837957,-0.00007649337,179716.0,12.0
0.3,0.035,0.035,MercuryCG - Lucy,53034.0,-30.5468,1343.93,42.3448,53404.0,1810.74,1609.91,1979.99,278440.0,0.0000026234543,3.025184e-7,-0.0000058628043,0.0000030084038,-0.0000052310747,0.00078796997,0.752504,1881.26,-0.143167,-0.160401,-0.264742,-0.000076101656,-0.00008526254,-0.0001407259,179647.0,1.75
0.3,0.08,0.08,MercuryCG - Lucy,53036.6,-203.605,1144.87,-199.764,53138.6,1295.41,1176.07,1318.45,278713.0,0.0000142360805,0.0000016463057,-0.00003720239,0.000014926811,-0.000035708297,0.00410673,0.752852,1882.13,-0.133985,-0.148813,-0.260336,-0.00007118796,-0.00007906627,-0.00013831988,179730.0,4.0
0.3,0.035,0.035,MercuryCG - Heaviside,52440.4,831.769,1446.56,1028.73,52764.9,1983.2,2170.71,2681.78,276040.0,0.000005453726,-3.7045322e-7,-0.000012710048,0.0000057159646,-0.000011644235,0.002044836,0.723033,1807.58,-0.125149,-0.140549,-0.193546,-0.00006923566,-0.00007775534,-0.00010707465,172611.0,1.75
0.3,0.04,0.04,MercuryCG - Heaviside,52878.0,584.556,1672.53,710.207,53171.9,1597.1,1676.78,1791.15,279008.0,0.000008349154,0.0000018573021,-0.000018099357,0.000008960322,-0.00001859089,0.00219517,0.734376,1835.94,-0.128366,-0.143297,-0.299568,-0.00006991841,-0.00007805102,-0.00016316873,175319.0,2.0
0.3,0.02,0.06,MercuryCG - Gauss,52963.0,-200.696,1132.66,-196.542,53102.5,1360.15,1183.69,1391.59,278325.0,0.000009725119,0.0000012312424,-0.000025013735,0.000010258695,-0.000023758588,0.0028477118,0.753393,1883.48,-0.138221,-0.153849,-0.259555,-0.00007338596,-0.00008168337,-0.00013780608,179859.0,3.0
0.3,0.065,0.065,MercuryCG - Heaviside,53140.7,-119.97,1251.86,-42.3941,53240.3,1215.22,1327.0,1237.13,279562.0,0.000021779177,0.0000011338548,-0.000058209273,0.000022572105,-0.00005588243,0.006433685,0.73919,1847.98,-0.127829,-0.14154,-0.284031,-0.00006917229,-0.000076591736,-0.00015369809,176469.0,3.25
0.3,0.025,0.025,MercuryCG - Lucy,52101.1,2.42556,3110.44,894.406,53840.3,4875.55,4698.71,5858.21,278245.0,0.0000011983128,7.884322e-8,-8.522104e-7,0.000001811683,-0.000001672432,0.00040738037,0.751535,1878.84,-0.144189,-0.165277,-0.261042,-0.00007674363,-0.00008796758,-0.00013893786,179416.0,1.25
0.3,0.07,0.07,MercuryCG - Lucy,53054.8,-226.393,1137.41,-224.7,53176.6,1337.09,1177.45,1367.54,278816.0,0.000010813187,0.0000012718293,-0.000027862417,0.000011397502,-0.000026593432,0.0031642646,0.752897,1882.24,-0.136667,-0.152053,-0.261662,-0.0000726087,-0.000080783,-0.00013901628,179741.0,3.5
0.3,0.09,0.09,MercuryCG - Lucy,53030.2,-178.455,1142.06,-177.071,53122.0,1250.31,1160.73,1264.3,278613.0,0.000018144137,0.0000020387624,-0.000047846705,0.00001894407,-0.000046101934,0.005164005,0.752855,1882.14,-0.131093,-0.145437,-0.25847,-0.00006965103,-0.00007727215,-0.00013732772,179731.0,4.5
0.3,0.01,0.03,MercuryCG - Gauss,52898.4,51.4299,1724.86,322.553,53575.1,2504.74,2303.58,2884.34,278800.0,0.0000023973814,2.9714462e-7,-0.0000050214985,0.0000028286977,-0.0000045493953,0.0007171371,0.756804,1892.01,-0.144192,-0.162451,-0.268885,-0.000076211014,-0.0000858616,-0.00014211606,180674.0,1.5
0.3,0.0266667,0.08,MercuryCG - Gauss,52981.6,-146.498,1129.67,-144.543,53082.9,1251.27,1153.03,1268.58,278314.0,0.000017553004,0.0000019314318,-0.000046424648,0.000018332385,-0.00004469582,0.0050249943,0.753591,1883.98,-0.13231,-0.146815,-0.260883,-0.00007022898,-0.00007792811,-0.0001384744,179907.0,4.0
0.3,0.12,0.12,MercuryCG - Lucy,53031.8,-114.219,1113.82,-113.542,53133.4,1147.95,1115.85,1148.56,278385.0,0.000032777316,0.0000034041052,-0.00008787078,0.00003385962,-0.000084987376,0.008955475,0.752831,1882.08,-0.120299,-0.133563,-0.250442,-0.00006391811,-0.00007096563,-0.00013306661,179725.0,6.0
0.3,0.055,0.055,MercuryCG - Lucy,53062.6,-236.669,1149.27,-212.21,53254.6,1440.56,1253.64,1505.73,278885.0,0.0000066225566,8.0599733e-7,-0.000016608814,0.0000070380534,-0.000015519328,0.0019682453,0.752922,1882.3,-0.13996,-0.156285,-0.263135,-0.00007435584,-0.00008302874,-0.0001397944,179747.0,2.75
0.3,0.195,0.195,MercuryCG - Lucy,53006.3,-7.0078,982.238,-6.68754,53081.5,990.913,981.501,990.337,277989.0,0.00008207593,0.0000069887087,-0.00021834191,0.00008336783,-0.00021283001,0.021494433,0.752804,1882.01,-0.0873347,-0.098459,-0.202864,-0.000046405014,-0.000052315874,-0.00010779114,179719.0,9.75
0.3,0.18,0.18,MercuryCG - Lucy,53016.0,-23.5682,1013.61,-23.2388,53109.5,1019.19,1013.04,1018.61,278074.0,0.000071591945,0.000006335286,-0.0001912202,0.00007291019,-0.0001859708,0.01873987,0.752809,1882.02,-0.094038,-0.105625,-0.216609,-0.000049966526,-0.00005612321,-0.00011509389,179720.0,9.0
0.3,0.00833333,0.025,MercuryCG - Gauss,52438.3,-31.3706,2386.62,592.27,53731.1,3925.45,3232.78,4274.97,278570.0,0.0000014496146,6.298932e-8,-0.0000024337412,0.0000020025757,-0.000002715723,0.0004884071,0.747067,1867.67,-0.142022,-0.162457,-0.266243,-0.00007604234,-0.00008698378,-0.00014255356,178349.0,1.25
0.3,0.04,0.12,MercuryCG - Gauss,52924.1,-66.0206,1090.01,-67.4253,53028.3,1116.8,1095.38,1121.12,277721.0,0.000040203187,0.0000039676247,-0.00010834149,0.00004135775,-0.00010485674,0.010802877,0.753069,1882.67,-0.114883,-0.12785,-0.245537,-0.000061021314,-0.00006790888,-0.00013041956,179782.0,6.0
0.3,0.24,0.24,MercuryCG - Heaviside,52736.0,58.866,584.473,55.1059,52736.0,602.165,603.622,620.706,276471.0,0.00017774127,0.000009636313,-0.0004011056,0.00017672754,-0.00039729773,0.056739505,0.752098,1880.24,-0.0362461,-0.0404094,0.190971,-0.000019277379,-0.000021491618,0.000101567355,179550.0,12.0
0.3,0.105,0.105,MercuryCG - Heaviside,53088.5,65.7772,965.88,17.6547,53239.1,956.937,911.794,904.333,278270.0,0.0000600264,0.0000051805273,-0.00016319066,0.00006144908,-0.00015800705,0.01618865,0.753266,1883.17,-0.102643,-0.114722,-0.238282,-0.000054505435,-0.00006091962,-0.0001265324,179829.0,5.25
0.3,0.025,0.075,MercuryCG - Gauss,52892.3,-169.416,1148.92,-167.896,52998.7,1292.29,1207.88,1341.19,277891.0,0.000015242771,0.0000017245312,-0.000040432675,0.000015964966,-0.000038947866,0.0044091837,0.751984,1879.96,-0.133204,-0.147922,-0.260355,-0.0000708547,-0.00007868359,-0.00013848965,179523.0,3.7500002
0.3,0.08,0.08,MercuryCG - Heaviside,53205.7,200.391,1051.29,139.66,53250.2,1116.1,997.02,1100.81,278955.0,0.000035201014,0.0000033189378,-0.000096691714,0.00003639617,-0.000093519375,0.009988429,0.761719,1904.3,-0.126273,-0.139313,-0.28136,-0.0000663094,-0.00007315707,-0.00014774983,181847.0,4.0
0.3,0.065,0.065,MercuryCG - Lucy,53060.6,-236.097,1144.79,-231.528,53203.4,1365.14,1200.31,1406.31,278852.0,0.000009299374,0.0000011116426,-0.000023768236,0.000009835764,-0.000022601353,0.0027328494,0.752848,1882.12,-0.137661,-0.153342,-0.262463,-0.000073141455,-0.00008147302,-0.00013945073,179729.0,3.25
0.3,0.0216667,0.065,MercuryCG - Gauss,52936.0,-247.624,1142.77,-244.752,53060.5,1322.81,1195.02,1356.22,278199.0,0.000011358185,0.0000012049624,-0.000029448687,0.000011937616,-0.000028082488,0.0033342883,0.751861,1879.65,-0.136376,-0.151718,-0.26351,-0.000072553936,-0.00008071609,-0.000140191,179493.0,3.25
0.3,0.07,0.07,MercuryCG - Heaviside,52627.2,-211.201,1319.15,-219.178,52768.6,1232.64,1427.17,1323.45,276500.0,0.000025844072,0.0000036616673,-0.000067855806,0.000026946525,-0.00006537543,0.006824625,0.728863,1822.16,-0.118934,-0.131707,-0.252664,-0.000065270884,-0.0000722807,-0.00013866181,174003.0,3.5
0.3,0.12,0.12,MercuryCG - Heaviside,53036.8,179.517,1051.53,205.398,53172.0,1029.2,1063.43,1022.31,278128.0,0.0000787937,0.000005947327,-0.00021923805,0.00008022707,-0.00021275325,0.02054082,0.755787,1889.47,-0.0854365,-0.0968365,-0.221134,-0.000045217177,-0.000051250616,-0.000117034935,180431.0,6.0
0.3,0.0116667,0.035,MercuryCG - Gauss,52840.3,53.1722,1352.65,160.34,53220.8,1866.09,1696.31,2097.03,277670.0,0.0000031731765,2.6052322e-7,-0.0000073162105,0.0000035291382,-0.0000065545373,0.000994742,0.751035,1877.59,-0.141591,-0.158751,-0.258095,-0.00007541103,-0.00008455041,-0.00013746078,179296.0,1.75
0.3,0.135,0.135,MercuryCG - Heaviside,52926.0,89.064,892.435,66.3434,52994.4,916.345,863.612,887.933,277608.0,0.00009556751,0.000006651983,-0.0002592789,0.000096927426,-0.00025260987,0.024994463,0.749886,1874.71,-0.0722788,-0.0829082,-0.199999,-0.000038554655,-0.000044224547,-0.00010668264,179022.0,6.7500005
0.3,0.05,0.05,MercuryCG - Heaviside,53170.5,866.419,1165.67,748.451,53143.9,1238.48,1222.57,1248.95,278537.0,0.0000138607165,0.0000010876734,-0.000037560392,0.000014673707,-0.000036702142,0.00397894,0.768001,1920.0,-0.124959,-0.138948,-0.31567,-0.000065082815,-0.00007236875,-0.00016441145,183347.0,2.5
0.3,0.05,0.15,MercuryCG - Gauss,52861.8,-52.5627,1038.72,-53.0692,52956.6,1047.05,1050.54,1056.27,277284.0,0.00006151969,0.000005585297,-0.00016398878,0.00006280569,-0.00015927434,0.01613767,0.752739,1881.85,-0.100662,-0.112677,-0.227193,-0.00005349098,-0.000059875656,-0.00012072854,179703.0,7.5000005
0.3,0.08,0.24,MercuryCG - Gauss,52771.8,28.7049,826.288,28.9418,52795.8,845.723,832.211,851.868,276674.0,0.0001229076,0.000008798709,-0.0003104651,0.0001236207,-0.0003051085,0.034465812,0.752727,1881.82,-0.0631831,-0.0719152,-0.0918859,-0.00003357553,-0.00003821577,-0.00004882821,179700.0,12.0
0.3,0.045,0.045,MercuryCG - Heaviside,52370.3,-675.685,1138.73,-705.709,52541.4,1200.91,1039.99,1160.02,275339.0,0.000009042807,9.757204e-7,-0.00002371144,0.000009658479,-0.000022033764,0.003388478,0.72428,1810.7,-0.139913,-0.154036,-0.130892,-0.00007727012,-0.00008506986,-0.000072288065,172909.0,2.25
0.3,0.055,0.055,MercuryCG - Heaviside,53317.4,-1077.29,739.223,-1132.39,53295.1,1007.06,535.457,797.572,280017.0,0.000015890446,0.000002644744,-0.000046359186,0.000016650218,-0.000044666638,0.004611812,0.745305,1863.26,-0.127479,-0.141933,-0.242911,-0.00006841718,-0.000076174554,-0.00013036882,177928.0,2.75
0.3,0.06,0.06,MercuryCG - Heaviside,52849.9,55.1405,1126.43,80.0656,52871.7,1293.19,1097.16,1265.28,277847.0,0.000019262921,0.0000028662153,-0.00005113228,0.000020023446,-0.00004899848,0.0055797007,0.759259,1898.15,-0.141365,-0.155406,-0.225248,-0.000074475145,-0.00008187235,-0.00011866712,181260.0,3.0
0.3,0.195,0.195,MercuryCG - Heaviside,52913.3,68.6608,711.059,73.609,52875.3,748.314,729.525,766.343,277375.0,0.0001565823,0.000009896302,-0.00040281852,0.00015683714,-0.00039800344,0.044171233,0.752137,1880.34,-0.0416756,-0.0487685,-0.0296664,-0.000022163864,-0.000025936,-0.000015777146,179559.0,9.75
0.3,0.025,0.025,MercuryCG - Heaviside,55212.8,-2061.25,-825.689,-2677.85,54659.8,-464.403,-2366.66,-2301.68,287818.0,0.0000022876836,-8.5000075e-8,-0.000008055934,0.0000025038235,-0.0000060884113,0.00077548454,0.640001,1600.0,-0.114484,-0.129211,-0.262753,-0.0000715525,-0.00008075687,-0.00016422062,152789.0,1.25
0.3,0.03,0.09,MercuryCG - Gauss,52973.6,-124.355,1131.28,-124.725,53077.1,1213.67,1147.94,1229.67,278210.0,0.000022506269,0.0000024949015,-0.000059757942,0.000023390763,-0.00005765442,0.0062735667,0.753844,1884.61,-0.128074,-0.142119,-0.254557,-0.00006795783,-0.000075410295,-0.00013507144,179967.0,4.5
0.3,0.06,0.06,MercuryCG - Lucy,53060.4,-231.709,1157.14,-218.35,53228.6,1403.65,1238.44,1460.77,278869.0,0.000007901286,9.37763e-7,-0.00002000043,0.000008381502,-0.000018893663,0.0023368213,0.752923,1882.31,-0.138794,-0.154796,-0.263007,-0.000073735995,-0.00008223725,-0.00013972566,179747.0,3.0
0.3,0.0233333,0.07,MercuryCG - Gauss,52958.9,-274.157,1155.94,-274.583,53083.0,1314.14,1203.1,1342.34,278323.0,0.000013282538,0.0000016060134,-0.000034517285,0.000013944995,-0.00003304717,0.0037962233,0.750841,1877.1,-0.134155,-0.149138,-0.260986,-0.00007146929,-0.00007945128,-0.00013903681,179250.0,3.5
0.3,0.03,0.03,MercuryCG - Lucy,52781.9,263.697,2035.17,606.975,53588.2,2766.89,2735.9,3291.56,278363.0,0.0000018452662,6.630692e-8,-0.0000035851392,0.0000023528567,-0.0000037398995,0.0006052335,0.755936,1889.84,-0.141485,-0.159717,-0.269551,-0.000074866126,-0.00008451351,-0.00014263164,180466.0,1.5
0.3,0.105,0.105,MercuryCG - Lucy,53028.8,-144.768,1128.25,-143.558,53119.4,1193.43,1135.59,1198.89,278484.0,0.000024941337,0.0000026964556,-0.000066488006,0.000025888477,-0.00006422845,0.006948541,0.752841,1882.1,-0.126009,-0.139762,-0.254999,-0.00006695128,-0.00007425854,-0.00013548642,179727.0,5.25
0.3,0.18,0.18,MercuryCG - Heaviside,52949.9,102.597,782.229,100.451,52907.8,820.18,788.282,831.341,277528.0,0.00014680884,0.000010576114,-0.00038153143,0.00014748992,-0.000376071,0.03939928,0.755316,1888.29,-0.0476446,-0.0556162,-0.0913308,-0.000025231611,-0.00002945321,-0.000048366936,180318.0,9.0
0.3,0.21,0.21,MercuryCG - Heaviside,52848.0,61.8364,679.998,55.3178,52823.0,715.285,676.93,712.181,277055.0,0.00016687224,0.000010552471,-0.00041765568,0.00016671536,-0.00041343502,0.04884897,0.75575,1889.37,-0.0377876,-0.0439562,0.0418652,-0.000020000105,-0.000023265004,0.000022158285,180422.0,10.5
0.3,0.065,0.195,MercuryCG - Gauss,52830.1,14.244,930.538,14.1092,52883.0,943.973,932.967,943.558,277022.0,0.00009472646,0.000007660873,-0.00024918478,0.000095888325,-0.00024374161,0.025189754,0.752744,1881.86,-0.0796386,-0.0901089,-0.176464,-0.000042319087,-0.00004788289,-0.00009377106,179705.0,9.75
0.3,0.165,0.165,MercuryCG - Heaviside,52975.5,70.2931,827.198,69.7751,52929.9,860.744,833.36,873.917,277656.0,0.00013094998,0.0000091804495,-0.0003484623,0.00013190981,-0.00034233727,0.03464952,0.752205,1880.51,-0.053235,-0.062092,-0.148833,-0.00002830881,-0.000033018703,-0.00007914502,179576.0,8.25
0.3,0.045,0.045,MercuryCG - Lucy,53111.3,-176.506,1059.56,-160.235,53321.8,1477.27,1200.45,1522.91,278856.0,0.0000044504814,5.3154145e-7,-0.000011225426,0.0000047640106,-0.000010136919,0.0013264589,0.753333,1883.33,-0.141243,-0.158039,-0.264799,-0.00007499642,-0.00008391466,-0.00014060149,179845.0,2.25
0.3,0.0133333,0.04,MercuryCG - Gauss,52938.1,-27.5013,1203.95,8.18158,53202.9,1598.77,1390.72,1704.97,278045.0,0.00000427896,5.5875546e-7,-0.000010441626,0.0000046344194,-0.000009633929,0.001258494,0.751465,1878.66,-0.140146,-0.156901,-0.268471,-0.00007459892,-0.00008351751,-0.00014290558,179399.0,2.0
0.3,0.03,0.03,MercuryCG - Heaviside,53342.3,-113.5,511.545,-63.4549,53633.5,1426.1,883.135,1416.44,280682.0,0.0000057615384,0.0000013165321,-0.000014790065,0.0000058560763,-0.000010547481,0.0014898789,0.814815,2037.04,-0.155672,-0.174523,-0.321784,-0.000076420685,-0.0000856748,-0.00015796647,194523.0,1.5
0.3,0.075,0.075,MercuryCG - Heaviside,53078.1,-129.308,1121.58,-161.287,53113.4,1083.45,1134.03,1110.72,278261.0,0.000028978651,0.000002707794,-0.00008325577,0.000030128402,-0.00008171755,0.008581998,0.741926,1854.81,-0.123351,-0.136064,-0.259128,-0.00006650331,-0.000073357376,-0.00013970595,177122.0,3.7500002
0.3,0.0183333,0.055,MercuryCG - Gauss,52958.7,-306.566,1109.06,-295.09,53104.1,1374.36,1182.91,1416.84,278255.0,0.000008129956,0.0000010261786,-0.00002107525,0.000008615934,-0.000019925992,0.0023943165,0.752286,1880.72,-0.138067,-0.154011,-0.261658,-0.00007341178,-0.00008188938,-0.00013912651,179595.0,2.75
0.3,0.045,0.135,MercuryCG - Gauss,52853.9,-54.3275,1064.75,-51.7945,52955.9,1078.75,1070.78,1083.13,277291.0,0.00005043999,0.000004754727,-0.00013534472,0.00005167958,-0.00013120375,0.0133888675,0.752577,1881.44,-0.107686,-0.120181,-0.237311,-0.000057235946,-0.00006387714,-0.00012613264,179665.0,6.7500005
0.3,0.05,0.05,MercuryCG - Lucy,53075.7,-232.783,1107.7,-205.193,53281.0,1463.93,1228.76,1520.97,278876.0,0.000005474567,6.8969024e-7,-0.000013752761,0.000005829639,-0.000012676446,0.0016247984,0.752755,1881.89,-0.140507,-0.157104,-0.264023,-0.000074662705,-0.00008348203,-0.00014029672,179707.0,2.5
0.3,0.015,0.045,MercuryCG - Gauss,53042.1,-146.741,1053.12,-124.208,53257.0,1401.5,1043.14,1328.48,278585.0,0.000005277878,6.6423195e-7,-0.000013257742,0.000005652251,-0.000012190215,0.0016220831,0.749622,1874.05,-0.140633,-0.157091,-0.252709,-0.00007504229,-0.000083824336,-0.00013484646,178959.0,2.25
0.3,0.055,0.165,MercuryCG - Gauss,52811.2,-6.64022,998.983,-5.19097,52892.8,1008.6,1000.71,1009.8,276976.0,0.000072757815,0.0000063881616,-0.00019384889,0.00007404076,-0.00018874402,0.019086057,0.752766,1881.91,-0.093271,-0.104793,-0.214477,-0.00004956188,-0.000055684384,-0.000113967726,179710.0,8.25
0.3,0.04,0.04,MercuryCG - Lucy,53124.4,-161.477,1086.37,-150.908,53362.5,1534.68,1257.23,1594.57,278742.0,0.0000034856762,3.959778e-7,-0.000008514824,0.0000038000396,-0.0000074724094,0.0010465923,0.752793,1881.98,-0.142835,-0.159795,-0.263409,-0.00007589613,-0.000084907915,-0.00013996375,179716.0,2.0
0.3,0.15,0.15,MercuryCG - Heaviside,52925.0,116.061,912.491,119.914,52925.4,929.256,957.37,964.949,277376.0,0.00011470821,0.000007967987,-0.00030085177,0.00011597491,-0.00029421938,0.029422957,0.751704,1879.26,-0.0642961,-0.074015,-0.176853,-0.00003421352,-0.000039385184,-0.00009410779,179456.0,7.5000005
0.3,0.135,0.135,MercuryCG - Lucy,53032.2,-87.3008,1093.85,-86.4793,53144.6,1109.98,1094.39,1109.65,278302.0,0.000041544117,0.00000414231,-0.00011159239,0.00004273479,-0.00010800859,0.011162817,0.752824,1882.06,-0.114103,-0.126944,-0.244577,-0.000060626655,-0.000067449495,-0.00012995176,179723.0,6.7500005
0.3,0.09,0.09,MercuryCG - Heaviside,53170.2,140.059,1149.16,180.498,53311.9,1128.88,1123.52,1072.68,279067.0,0.0000459003,0.0000047664225,-0.00012290169,0.000047205478,-0.000118817385,0.012157441,0.765432,1913.58,-0.114674,-0.127244,-0.223736,-0.00005992642,-0.00006649526,-0.00011692012,182733.0,4.5
0.3,0.21,0.21,MercuryCG - Lucy,52994.4,7.47029,949.341,7.72484,53051.5,961.764,948.527,961.227,277897.0,0.000092369075,0.000007571837,-0.00024447983,0.00009360034,-0.00023884956,0.024317142,0.7528,1882.0,-0.0808586,-0.0914986,-0.186384,-0.000042964188,-0.00004861775,-0.00009903507,179718.0,10.5
0.3,0.035,0.105,MercuryCG - Gauss,52879.5,-88.6313,1117.8,-87.6013,52981.5,1166.71,1147.55,1196.04,277589.0,0.000030647796,0.000003176372,-0.000082122206,0.0000316842,-0.00007939479,0.008417593,0.752865,1882.16,-0.121982,-0.135448,-0.251949,-0.00006480958,-0.000071964125,-0.00013386163,179733.0,5.25
0.3,0.165,0.165,MercuryCG - Lucy,53023.5,-42.5188,1043.1,-42.0308,53131.9,1047.69,1042.7,1047.05,278153.0,0.000061172635,0.0000056296594,-0.00016389968,0.00006248296,-0.00015907195,0.016081393,0.752813,1882.03,-0.100828,-0.112852,-0.22794,-0.000053574066,-0.000059962913,-0.0001211139,179721.0,8.25
0.3,0.07,0.21,MercuryCG - Gauss,52835.0,-1.29244,892.917,-0.656814,52876.0,909.539,893.443,909.676,277025.0,0.00010501063,0.0000081989,-0.00027362898,0.00010605497,-0.00026818304,0.028315935,0.753032,1882.58,-0.0734458,-0.0833586,-0.151947,-0.000039013375,-0.000044278917,-0.00008071211,179773.0,10.5
0.3,0.18,0.18,Iota - Gaussian,52787.164,-9.349333,970.7777,-9.349333,52854.938,982.9284,970.7777,982.9284,276837.97,0.000030624786,0.0,0.0,0.00003166054,0.0,0.008411401,0.7526952,1881.738,-0.086339794,-0.09734148,-0.19698702,-0.000045883004,-0.00005172956,-0.000104683546,4405.0,9.0
0.3,0.055,0.055,Iota - Gaussian,51864.24,-112.7285,1179.6813,-112.7285,52011.28,1436.2605,1179.6813,1436.2605,272487.0,0.000030624786,0.0,0.0,0.00003166054,0.0,0.008411401,0.7519666,1879.9165,-0.13801119,-0.1539487,-0.2615503,-0.00007341347,-0.00008189124,-0.00013912868,124.0,2.75
0.3,0.195,0.195,Iota - Gaussian,52777.223,7.562702,934.0613,7.562702,52830.06,948.0117,934.0613,948.0117,276762.72,0.000030624786,0.0,0.0,0.00003166054,0.0,0.008411401,0.75242335,1881.0583,-0.079618655,-0.09008563,-0.17643437,-0.000042326523,-0.00004789093,-0.000093795265,5577.0,9.75
0.3,0.075,0.075,Iota - Gaussian,52275.645,-176.0257,1143.8467,-176.0257,52383.883,1265.5371,1143.8467,1265.5371,274691.44,0.000030624786,0.0,0.0,0.00003166054,0.0,0.008411401,0.7516652,1879.1628,-0.13315122,-0.14786352,-0.26024485,-0.000070856666,-0.00007868584,-0.00013848978,313.0,3.7500002
0.3,0.15,0.15,Iota - Gaussian,52744.39,-46.36183,1039.6854,-46.36183,52844.176,1049.6018,1039.6854,1049.6018,276697.62,0.000030624786,0.0,0.0,0.00003166054,0.0,0.008411401,0.75241816,1881.0453,-0.10063144,-0.112642355,-0.2271131,-0.000053497617,-0.00005988285,-0.000120737706,2537.0,7.5000005
0.3,0.05,0.05,Iota - Gaussian,51978.434,-447.31268,1248.2068,-447.31268,52151.04,1466.102,1248.2068,1466.102,273146.2,0.000030624786,0.0,0.0,0.00003166054,0.0,0.008411401,0.7540075,1885.0189,-0.13921686,-0.15541656,-0.2672801,-0.00007385436,-0.000082448285,-0.00014179174,96.0,2.5
0.3,0.12,0.12,Iota - Gaussian,52675.32,-104.47344,1090.112,-104.47344,52785.188,1116.8447,1090.112,1116.8447,276486.9,0.000030624786,0.0,0.0,0.00003166054,0.0,0.008411401,0.7527469,1881.8673,-0.11484338,-0.12780589,-0.245441,-0.000061026294,-0.0000679144,-0.00013042419,1306.0,6.0
0.3,0.025,0.025,Iota - Gaussian,46180.848,277.44043,3497.116,277.44043,47759.184,4658.537,3497.116,4658.537,246913.53,0.000030624786,0.0,0.0,0.00003166054,0.0,0.008411401,0.7467619,1866.9048,-0.14196812,-0.16239679,-0.2661224,-0.00007604464,-0.00008698718,-0.0001425474,10.0,1.25
0.3,0.07,0.07,Iota - Gaussian,52167.25,-220.7124,1154.2886,-220.7124,52279.41,1323.4745,1154.2886,1323.4745,274192.4,0.000030624786,0.0,0.0,0.00003166054,0.0,0.008411401,0.75052434,1876.3109,-0.13410176,-0.14907953,-0.26087666,-0.000071470975,-0.00007945354,-0.00013903702,250.0,3.5
0.3,0.24,0.24,Iota - Gaussian,52761.406,39.226467,829.48956,39.226467,52784.242,850.5642,829.48956,850.5642,276632.97,0.000030624786,0.0,0.0,0.00003166054,0.0,0.008411401,0.75240606,1881.0151,-0.06316755,-0.07189746,-0.091936514,-0.000033581626,-0.00003822269,-0.000048876012,10397.0,12.0
0.3,0.03,0.03,Iota - Gaussian,50084.84,-165.63498,1894.4757,-165.63498,50796.56,2539.5215,1894.4757,2539.5215,264082.97,0.000030624786,0.0,0.0,0.00003166054,0.0,0.008411401,0.7564717,1891.1792,-0.14412625,-0.16237853,-0.26876345,-0.000076209726,-0.000085861,-0.00014211421,22.0,1.5
0.3,0.04,0.04,Iota - Gaussian,51057.188,-269.73154,1306.4227,-269.73154,51327.26,1644.6672,1306.4227,1644.6672,268123.47,0.000030624786,0.0,0.0,0.00003166054,0.0,0.008411401,0.751147,1877.8674,-0.14008932,-0.15683828,-0.26834917,-0.00007460021,-0.000083519364,-0.00014290102,47.0,2.0
0.3,0.165,0.165,Iota - Gaussian,52761.668,-22.907728,1003.3865,-22.907728,52844.766,1013.43744,1003.3865,1013.43744,276745.4,0.000030624786,0.0,0.0,0.00003166054,0.0,0.008411401,0.7524445,1881.1112,-0.093244836,-0.10476236,-0.21440867,-0.00004956902,-0.00005569174,-0.0001139798,3379.0,8.25
0.3,0.045,0.045,Iota - Gaussian,51294.465,13.369417,1027.4248,13.369417,51495.06,1342.1309,1027.4248,1342.1309,269538.62,0.000030624786,0.0,0.0,0.00003166054,0.0,0.008411401,0.74930793,1873.2698,-0.14057435,-0.1570255,-0.25262538,-0.00007504224,-0.00008382429,-0.00013485798,66.0,2.25
0.3,0.21,0.21,Iota - Gaussian,52789.906,21.624546,901.87256,21.624546,52830.72,919.7679,901.87256,919.7679,276811.4,0.000030624786,0.0,0.0,0.00003166054,0.0,0.008411401,0.75270975,1881.7744,-0.07342805,-0.08333793,-0.15194197,-0.000039020644,-0.00004428689,-0.000080743994,6999.0,10.5
0.3,0.09,0.09,Iota - Gaussian,52546.02,-185.37605,1109.1947,-185.37605,52639.63,1203.803,1109.1947,1203.803,276019.16,0.000030624786,0.0,0.0,0.00003166054,0.0,0.008411401,0.75352055,1883.8013,-0.12802444,-0.14206427,-0.25445646,-0.00006796069,-0.00007541362,-0.00013507606,558.0,4.5
0.3,0.035,0.035,Iota - Gaussian,50132.566,-47.91825,1278.0286,-47.91825,50482.035,1777.6506,1278.0286,1777.6506,263561.25,0.000030624786,0.0,0.0,0.00003166054,0.0,0.008411401,0.7507186,1876.7964,-0.1415327,-0.15868562,-0.25799814,-0.00007541186,-0.00008455133,-0.00013746732,31.0,1.75
0.3,0.06,0.06,Iota - Gaussian,52177.477,-262.07697,1129.113,-262.07697,52309.58,1345.283,1129.113,1345.283,274139.94,0.000030624786,0.0,0.0,0.00003166054,0.0,0.008411401,0.7530704,1882.676,-0.13816226,-0.15378466,-0.25945163,-0.0000733861,-0.00008168408,-0.00013781003,164.0,3.0
0.3,0.065,0.065,Iota - Gaussian,52122.67,-196.1991,1142.7782,-196.1991,52234.85,1345.8535,1142.7782,1345.8535,273919.56,0.000030624786,0.0,0.0,0.00003166054,0.0,0.008411401,0.75154185,1878.8546,-0.13631998,-0.15165623,-0.2633943,-0.00007255483,-0.00008071738,-0.00014018876,203.0,3.25
0.3,0.135,0.135,Iota - Gaussian,52694.22,-64.26049,1062.77,-64.26049,52805.59,1080.4316,1062.77,1080.4316,276516.2,0.000030624786,0.0,0.0,0.00003166054,0.0,0.008411401,0.75225645,1880.6412,-0.107651286,-0.12014199,-0.23722205,-0.0000572418,-0.000063883526,-0.00012613891,1845.0,6.7500005
0.3,0.08,0.08,Iota - Gaussian,52449.14,-200.0193,1131.728,-200.0193,52544.566,1249.4915,1131.728,1249.4915,275529.44,0.000030624786,0.0,0.0,0.00003166054,0.0,0.008411401,0.75326777,1883.1694,-0.13225596,-0.14675605,-0.26076937,-0.00007023052,-0.000077930345,-0.00013847365,390.0,4.0
0.3,0.105,0.105,Iota - Gaussian,52604.74,-126.98789,1123.5791,-126.98789,52706.305,1171.4048,1123.5791,1171.4048,276179.12,0.000030624786,0.0,0.0,0.00003166054,0.0,0.008411401,0.7525436,1881.3591,-0.121936545,-0.13539799,-0.25184637,-0.00006481301,-0.00007196818,-0.00013386407,872.0,5.25
0.3,0.08,0.24,Granulysed - Iota - Unsymmetric,53531.51,29.809586,867.8242,38.95846,53589.957,881.5206,839.23,864.3042,280828.7,0.00006151968,0.000005585233,-0.00016398898,0.00006280565,-0.00015927436,0.016137712,0.75272727,1881.8182,-0.06318313,-0.071915194,-0.09188588,-0.000033575576,-0.000038215807,-0.000048828246,10397.0,12.0
0.3,0.07,0.21,Granulysed - Velassco - Symmetric,52957.176,17.129393,905.14124,17.129393,52997.258,921.7095,905.14124,921.7095,277682.06,0.00006151968,0.000005585233,-0.00016398898,0.00006280565,-0.00015927436,0.016137712,0.75303173,1882.5793,-0.07344576,-0.08335859,-0.15194687,-0.00003901337,-0.000044278928,-0.000080712074,6999.0,10.5
0.3,0.025,0.075,Granulysed - Iota - Unsymmetric,53484.312,-161.31004,681.496,-49.255116,54127.24,596.81506,1547.859,1133.6931,282593.75,0.00006151968,0.000005585233,-0.00016398898,0.00006280565,-0.00015927436,0.016137712,0.7519843,1879.9608,-0.13320445,-0.14792232,-0.26035464,-0.000070854905,-0.000078683726,-0.0001384894,313.0,3.7500002
0.3,0.03,0.09,Granulysed - Iota - Unsymmetric,53708.125,-165.29832,746.17334,-91.174614,54166.414,672.01624,1400.8275,1093.8339,283198.2,0.00006151968,0.000005585233,-0.00016398898,0.00006280565,-0.00015927436,0.016137712,0.7538445,1884.6113,-0.12807404,-0.14211929,-0.25455746,-0.00006795779,-0.0000754104,-0.00013507159,558.0,4.5
0.3,0.06,0.18,Granulysed - Velassco - Unsymmetric,52976.215,7.5136952,979.315,7.74008,53044.242,989.79816,986.6551,997.5976,277824.44,0.00006151968,0.000005585233,-0.00016398898,0.00006280565,-0.00015927436,0.016137712,0.7530171,1882.5428,-0.08636279,-0.097368136,-0.19703722,-0.0000458756,-0.000051721603,-0.000104665465,4405.0,9.0
0.3,0.021666666,0.065,Granulysed - Velassco - Unsymmetric,53002.207,-280.5979,1137.6796,-271.67346,53117.55,1315.769,1190.7554,1360.9872,278584.47,0.00006151968,0.000005585233,-0.00016398898,0.00006280565,-0.00015927436,0.016137712,0.75186056,1879.6514,-0.13637565,-0.15171783,-0.26350954,-0.00007255369,-0.00008071594,-0.00014019065,203.0,3.25
0.3,0.055,0.165,Granulysed - Velassco - Symmetric,52988.65,-30.522781,1000.46106,-30.522781,53071.117,1009.9144,1000.46106,1009.9144,277931.94,0.00006151968,0.000005585233,-0.00016398898,0.00006280565,-0.00015927436,0.016137712,0.7527658,1881.9144,-0.09327099,-0.104792535,-0.2144773,-0.000049561757,-0.000055684006,-0.00011396762,3379.0,8.25
0.3,0.016666668,0.05,Granulysed - Iota - Symmetric,53335.23,235.61183,1129.4375,235.61183,54400.31,1064.0392,1129.4375,1064.0392,281888.53,0.00006151968,0.000005585233,-0.00016398898,0.00006280565,-0.00015927436,0.016137712,0.7543326,1885.8314,-0.13927333,-0.15547934,-0.26740235,-0.000073852476,-0.000082446044,-0.00014179548,96.0,2.5
0.3,0.015,0.045,Granulysed - Velassco - Unsymmetric,52527.3,-449.62997,1152.2135,-418.20502,52751.992,1492.7627,1297.8275,1565.4565,275990.72,0.00006151968,0.000005585233,-0.00016398898,0.00006280565,-0.00015927436,0.016137712,0.7496218,1874.0544,-0.14063348,-0.15709111,-0.25270864,-0.000075042364,-0.0000838242,-0.00013484595,66.0,2.25
0.3,0.013333334,0.04,Granulysed - Iota - Symmetric,53078.87,338.16678,1225.458,338.16678,54392.734,1423.0961,1225.458,1423.0961,280130.34,0.00006151968,0.000005585233,-0.00016398898,0.00006280565,-0.00015927436,0.016137712,0.75146484,1878.6621,-0.14014566,-0.15690143,-0.268471,-0.000074598654,-0.00008351764,-0.00014290542,47.0,2.0
0.3,0.05,0.15,Granulysed - Iota - Symmetric,53836.336,-62.87285,1046.9172,-62.87285,53914.715,943.72064,1046.9172,943.72064,282575.97,0.00006151968,0.000005585233,-0.00016398898,0.00006280565,-0.00015927436,0.016137712,0.7527393,1881.8483,-0.10066202,-0.1126773,-0.2271929,-0.00005349104,-0.000059875867,-0.00012072859,2537.0,7.5000005
0.3,0.045,0.135,Granulysed - Velassco - Unsymmetric,52974.207,-65.91203,1065.4355,-69.68473,53082.09,1083.4852,1064.8245,1081.5437,277979.5,0.00006151968,0.000005585233,-0.00016398898,0.00006280565,-0.00015927436,0.016137712,0.75257725,1881.4431,-0.107685715,-0.12018112,-0.23731071,-0.000057235702,-0.000063877094,-0.00012613228,1845.0,6.7500005
0.3,0.021666666,0.065,Granulysed - Iota - Symmetric,53292.184,104.64195,1111.2484,104.64195,54057.137,924.4658,1111.2484,924.4658,281817.38,0.00006151968,0.000005585233,-0.00016398898,0.00006280565,-0.00015927436,0.016137712,0.75186056,1879.6514,-0.13637565,-0.15171783,-0.26350954,-0.00007255369,-0.00008071594,-0.00014019065,203.0,3.25
0.3,0.008333334,0.025,Granulysed - Iota - Symmetric,50698.953,2598.5764,3061.316,2598.5764,53119.574,5063.7983,3061.316,5063.7983,270921.75,0.00006151968,0.000005585233,-0.00016398898,0.00006280565,-0.00015927436,0.016137712,0.7470667,1867.6667,-0.14202169,-0.16245666,-0.2662427,-0.000076042306,-0.00008698375,-0.00014255366,10.0,1.25
0.3,0.045,0.135,Granulysed - Velassco - Symmetric,52974.207,-67.79838,1065.13,-67.79838,53082.09,1082.5144,1065.13,1082.5144,277979.5,0.00006151968,0.000005585233,-0.00016398898,0.00006280565,-0.00015927436,0.016137712,0.75257725,1881.4431,-0.107685715,-0.12018112,-0.23731071,-0.000057235702,-0.000063877094,-0.00012613228,1845.0,6.7500005
0.3,0.055,0.165,Granulysed - Iota - Symmetric,53806.938,-45.68854,1020.39294,-45.68854,53881.137,949.4558,1020.39294,949.4558,282391.03,0.00006151968,0.000005585233,-0.00016398898,0.00006280565,-0.00015927436,0.016137712,0.7527658,1881.9144,-0.09327099,-0.104792535,-0.2144773,-0.000049561757,-0.000055684006,-0.00011396762,3379.0,8.25
0.3,0.02,0.06,Granulysed - Iota - Symmetric,53339.645,-21.452845,1066.7328,-21.452845,54201.18,916.3538,1066.7328,916.3538,282131.72,0.00006151968,0.000005585233,-0.00016398898,0.00006280565,-0.00015927436,0.016137712,0.7533932,1883.4829,-0.13822074,-0.1538492,-0.25955513,-0.000073385716,-0.000081683356,-0.00013780594,164.0,3.0
0.3,0.02,0.06,Granulysed - Velassco - Unsymmetric,52717.977,-129.6127,1131.93,-122.101494,52854.44,1355.8022,1173.8867,1381.9508,276967.22,0.00006151968,0.000005585233,-0.00016398898,0.00006280565,-0.00015927436,0.016137712,0.7533932,1883.4829,-0.13822074,-0.1538492,-0.25955513,-0.000073385716,-0.000081683356,-0.00013780594,164.0,3.0
0.3,0.026666667,0.08,Granulysed - Iota - Unsymmetric,53525.1,-128.36519,704.9935,-35.20295,54100.42,630.25354,1503.3529,1140.2495,282606.66,0.00006151968,0.000005585233,-0.00016398898,0.00006280565,-0.00015927436,0.016137712,0.75359106,1883.9777,-0.1323096,-0.14681527,-0.26088277,-0.00007022885,-0.00007792835,-0.00013847445,390.0,4.0
0.3,0.013333334,0.04,Granulysed - Velassco - Unsymmetric,52417.09,141.57687,977.3283,187.40974,52655.594,1339.8252,945.2448,1241.8394,275447.2,0.00006151968,0.000005585233,-0.00016398898,0.00006280565,-0.00015927436,0.016137712,0.75146484,1878.6621,-0.14014566,-0.15690143,-0.268471,-0.000074598654,-0.00008351764,-0.00014290542,47.0,2.0
0.3,0.04,0.12,Granulysed - Velassco - Unsymmetric,52972.34,-63.380043,1094.2432,-59.086243,53084.71,1119.1956,1093.9175,1116.9364,278023.75,0.00006151968,0.000005585233,-0.00016398898,0.00006280565,-0.00015927436,0.016137712,0.7530689,1882.6722,-0.11488277,-0.12785023,-0.24553725,-0.000061021117,-0.00006790892,-0.00013041953,1306.0,6.0
0.3,0.026666667,0.08,Granulysed - Velassco - Unsymmetric,52916.406,-68.15919,1094.2675,-80.12424,53008.58,1213.8329,1046.346,1166.6229,277961.84,0.00006151968,0.000005585233,-0.00016398898,0.00006280565,-0.00015927436,0.016137712,0.75359106,1883.9777,-0.1323096,-0.14681527,-0.26088277,-0.00007022885,-0.00007792835,-0.00013847445,390.0,4.0
0.3,0.013333334,0.04,Granulysed - Iota - Unsymmetric,53078.87,-90.82626,433.68167,767.15985,54392.734,777.1844,2017.2344,2069.0078,280130.34,0.00006151968,0.000005585233,-0.00016398898,0.00006280565,-0.00015927436,0.016137712,0.75146484,1878.6621,-0.14014566,-0.15690143,-0.268471,-0.000074598654,-0.00008351764,-0.00014290542,47.0,2.0
0.3,0.023333333,0.07,Granulysed - Velassco - Symmetric,52856.438,-242.41972,1262.7883,-242.41972,52972.895,1442.6432,1262.7883,1442.6432,277800.06,0.00006151968,0.000005585233,-0.00016398898,0.00006280565,-0.00015927436,0.016137712,0.7508406,1877.1016,-0.13415456,-0.14913799,-0.2609861,-0.000071468996,-0.00007945121,-0.00013903675,250.0,3.5
0.3,0.08,0.24,Granulysed - Velassco - Unsymmetric,52912.59,34.85681,837.9998,34.66055,52935.414,857.1415,848.7535,867.8908,277423.4,0.00006151968,0.000005585233,-0.00016398898,0.00006280565,-0.00015927436,0.016137712,0.75272727,1881.8182,-0.06318313,-0.071915194,-0.09188588,-0.000033575576,-0.000038215807,-0.000048828246,10397.0,12.0
0.3,0.08,0.24,Granulysed - Velassco - Symmetric,52912.59,34.75868,843.37665,34.75868,52935.414,862.5161,843.37665,862.5161,277423.4,0.00006151968,0.000005585233,-0.00016398898,0.00006280565,-0.00015927436,0.016137712,0.75272727,1881.8182,-0.06318313,-0.071915194,-0.09188588,-0.000033575576,-0.000038215807,-0.000048828246,10397.0,12.0
0.3,0.015,0.045,Granulysed - Iota - Symmetric,52874.965,294.38812,1180.6754,294.38812,54065.242,1248.7242,1180.6754,1248.7242,279288.2,0.00006151968,0.000005585233,-0.00016398898,0.00006280565,-0.00015927436,0.016137712,0.7496218,1874.0544,-0.14063348,-0.15709111,-0.25270864,-0.000075042364,-0.0000838242,-0.00013484595,66.0,2.25
0.3,0.07,0.21,Granulysed - Iota - Unsymmetric,53668.89,1.9789438,939.55634,17.524492,53751.91,939.77344,922.6635,923.2506,281639.34,0.00006151968,0.000005585233,-0.00016398898,0.00006280565,-0.00015927436,0.016137712,0.75303173,1882.5793,-0.07344576,-0.08335859,-0.15194687,-0.00003901337,-0.000044278928,-0.000080712074,6999.0,10.5
0.3,0.026666667,0.08,Granulysed - Velassco - Symmetric,52916.406,-74.141716,1070.3068,-74.141716,53008.58,1190.2279,1070.3068,1190.2279,277961.84,0.00006151968,0.000005585233,-0.00016398898,0.00006280565,-0.00015927436,0.016137712,0.75359106,1883.9777,-0.1323096,-0.14681527,-0.26088277,-0.00007022885,-0.00007792835,-0.00013847445,390.0,4.0
0.3,0.08,0.24,Granulysed - Iota - Symmetric,53531.51,34.38402,853.5271,34.38402,53589.957,872.9124,853.5271,872.9124,280828.7,0.00006151968,0.000005585233,-0.00016398898,0.00006280565,-0.00015927436,0.016137712,0.75272727,1881.8182,-0.06318313,-0.071915194,-0.09188588,-0.000033575576,-0.000038215807,-0.000048828246,10397.0,12.0
0.3,0.021666666,0.065,Granulysed - Velassco - Symmetric,53002.207,-276.13568,1164.2174,-276.13568,53117.55,1338.3782,1164.2174,1338.3782,278584.47,0.00006151968,0.000005585233,-0.00016398898,0.00006280565,-0.00015927436,0.016137712,0.75186056,1879.6514,-0.13637565,-0.15171783,-0.26350954,-0.00007255369,-0.00008071594,-0.00014019065,203.0,3.25
0.3,0.025,0.075,Granulysed - Velassco - Symmetric,52912.957,-198.44333,1219.9125,-198.44333,53021.445,1350.7107,1219.9125,1350.7107,278024.25,0.00006151968,0.000005585233,-0.00016398898,0.00006280565,-0.00015927436,0.016137712,0.7519843,1879.9608,-0.13320445,-0.14792232,-0.26035464,-0.000070854905,-0.000078683726,-0.0001384894,313.0,3.7500002
0.3,0.045,0.135,Granulysed - Iota - Unsymmetric,53841.957,-126.042496,961.6044,-67.53306,53947.387,871.37085,1153.4148,977.02185,282701.97,0.00006151968,0.000005585233,-0.00016398898,0.00006280565,-0.00015927436,0.016137712,0.75257725,1881.4431,-0.107685715,-0.12018112,-0.23731071,-0.000057235702,-0.000063877094,-0.00012613228,1845.0,6.7500005
0.3,0.035,0.105,Granulysed - Velassco - Symmetric,52982.285,-131.83476,1131.5657,-131.83476,53082.31,1179.748,1131.5657,1179.748,278153.38,0.00006151968,0.000005585233,-0.00016398898,0.00006280565,-0.00015927436,0.016137712,0.75286514,1882.1628,-0.12198165,-0.13544829,-0.25194862,-0.0000648093,-0.000071964176,-0.00013386122,872.0,5.25
0.3,0.011666667,0.035,Granulysed - Iota - Symmetric,52704.38,778.18835,1453.2981,778.18835,54161.43,1962.262,1453.2981,1962.262,278260.34,0.00006151968,0.000005585233,-0.00016398898,0.00006280565,-0.00015927436,0.016137712,0.75103486,1877.5872,-0.14159063,-0.1587505,-0.2580945,-0.00007541094,-0.00008455027,-0.00013746072,31.0,1.75
0.3,0.035,0.105,Granulysed - Iota - Symmetric,53799.633,-173.70396,1088.3657,-173.70396,54089.863,911.462,1088.3657,911.462,283071.0,0.00006151968,0.000005585233,-0.00016398898,0.00006280565,-0.00015927436,0.016137712,0.75286514,1882.1628,-0.12198165,-0.13544829,-0.25194862,-0.0000648093,-0.000071964176,-0.00013386122,872.0,5.25
0.3,0.01,0.03,Granulysed - Iota - Unsymmetric,52761.004,-158.02992,1029.3735,1288.6064,54546.402,2064.9468,2798.3794,3679.7583,279607.94,0.00006151968,0.000005585233,-0.00016398898,0.00006280565,-0.00015927436,0.016137712,0.7568043,1892.0107,-0.14419156,-0.16245133,-0.26888525,-0.00007621075,-0.000085861735,-0.00014211614,22.0,1.5
0.3,0.016666668,0.05,Granulysed - Velassco - Symmetric,52700.47,-12.326605,1165.3591,-12.326605,52872.375,1441.0844,1165.3591,1441.0844,276788.3,0.00006151968,0.000005585233,-0.00016398898,0.00006280565,-0.00015927436,0.016137712,0.7543326,1885.8314,-0.13927333,-0.15547934,-0.26740235,-0.000073852476,-0.000082446044,-0.00014179548,96.0,2.5
0.3,0.026666667,0.08,Granulysed - Iota - Symmetric,53525.1,-81.78407,1104.1732,-81.78407,54100.42,885.2515,1104.1732,885.2515,282606.66,0.00006151968,0.000005585233,-0.00016398898,0.00006280565,-0.00015927436,0.016137712,0.75359106,1883.9777,-0.1323096,-0.14681527,-0.26088277,-0.00007022885,-0.00007792835,-0.00013847445,390.0,4.0
0.3,0.01,0.03,Granulysed - Velassco - Symmetric,51639.492,981.20465,2065.2026,981.20465,52355.83,2747.7832,2065.2026,2747.7832,272200.53,0.00006151968,0.000005585233,-0.00016398898,0.00006280565,-0.00015927436,0.016137712,0.7568043,1892.0107,-0.14419156,-0.16245133,-0.26888525,-0.00007621075,-0.000085861735,-0.00014211614,22.0,1.5
0.3,0.04,0.12,Granulysed - Velassco - Symmetric,52972.34,-61.233143,1094.0803,-61.233143,53084.71,1118.0659,1094.0803,1118.0659,278023.75,0.00006151968,0.000005585233,-0.00016398898,0.00006280565,-0.00015927436,0.016137712,0.7530689,1882.6722,-0.11488277,-0.12785023,-0.24553725,-0.000061021117,-0.00006790892,-0.00013041953,1306.0,6.0
0.3,0.04,0.12,Granulysed - Iota - Symmetric,53845.457,-107.74177,1071.5168,-107.74177,54016.855,914.9718,1071.5168,914.9718,282926.53,0.00006151968,0.000005585233,-0.00016398898,0.00006280565,-0.00015927436,0.016137712,0.7530689,1882.6722,-0.11488277,-0.12785023,-0.24553725,-0.000061021117,-0.00006790892,-0.00013041953,1306.0,6.0
0.3,0.06,0.18,Granulysed - Velassco - Symmetric,52976.215,7.626888,982.98505,7.626888,53044.242,993.6979,982.98505,993.6979,277824.44,0.00006151968,0.000005585233,-0.00016398898,0.00006280565,-0.00015927436,0.016137712,0.7530171,1882.5428,-0.08636279,-0.097368136,-0.19703722,-0.0000458756,-0.000051721603,-0.000104665465,4405.0,9.0
0.3,0.03,0.09,Granulysed - Velassco - Symmetric,52945.48,-108.202995,1142.0571,-108.202995,53037.918,1229.8364,1142.0571,1229.8364,278064.94,0.00006151968,0.000005585233,-0.00016398898,0.00006280565,-0.00015927436,0.016137712,0.7538445,1884.6113,-0.12807404,-0.14211929,-0.25455746,-0.00006795779,-0.0000754104,-0.00013507159,558.0,4.5
0.3,0.035,0.105,Granulysed - Velassco - Unsymmetric,52982.285,-128.40506,1123.0465,-135.26447,53082.31,1171.079,1140.0847,1188.4171,278153.38,0.00006151968,0.000005585233,-0.00016398898,0.00006280565,-0.00015927436,0.016137712,0.75286514,1882.1628,-0.12198165,-0.13544829,-0.25194862,-0.0000648093,-0.000071964176,-0.00013386122,872.0,5.25
0.3,0.018333333,0.055,Granulysed - Velassco - Unsymmetric,53029.543,-561.7584,1105.5901,-560.63226,53185.215,1369.1812,1130.2819,1368.8254,278651.5,0.00006151968,0.000005585233,-0.00016398898,0.00006280565,-0.00015927436,0.016137712,0.7522864,1880.7161,-0.13806699,-0.15401073,-0.2616581,-0.000073411924,-0.00008188941,-0.00013912686,124.0,2.75
0.3,0.015,0.045,Granulysed - Iota - Unsymmetric,52874.965,-49.593704,445.3615,638.36993,54065.242,686.5721,1915.9894,1810.8763,279288.2,0.00006151968,0.000005585233,-0.00016398898,0.00006280565,-0.00015927436,0.016137712,0.7496218,1874.0544,-0.14063348,-0.15709111,-0.25270864,-0.000075042364,-0.0000838242,-0.00013484595,66.0,2.25
0.3,0.023333333,0.07,Granulysed - Iota - Unsymmetric,53342.88,-126.776566,663.0452,5.629622,54050.117,616.81964,1637.4049,1243.5106,282023.25,0.00006151968,0.000005585233,-0.00016398898,0.00006280565,-0.00015927436,0.016137712,0.7508406,1877.1016,-0.13415456,-0.14913799,-0.2609861,-0.000071468996,-0.00007945121,-0.00013903675,250.0,3.5
0.3,0.01,0.03,Granulysed - Velassco - Unsymmetric,51639.492,857.1524,1750.6962,1105.257,52355.83,2594.609,2379.709,2900.9575,272200.53,0.00006151968,0.000005585233,-0.00016398898,0.00006280565,-0.00015927436,0.016137712,0.7568043,1892.0107,-0.14419156,-0.16245133,-0.26888525,-0.00007621075,-0.000085861735,-0.00014211614,22.0,1.5
0.3,0.008333334,0.025,Granulysed - Velassco - Unsymmetric,52158.98,-561.21466,1812.1364,-11.92745,53455.754,3300.4268,1396.7487,2432.8374,277264.4,0.00006151968,0.000005585233,-0.00016398898,0.00006280565,-0.00015927436,0.016137712,0.7470667,1867.6667,-0.14202169,-0.16245666,-0.2662427,-0.000076042306,-0.00008698375,-0.00014255366,10.0,1.25
0.3,0.035,0.105,Granulysed - Iota - Unsymmetric,53799.633,-206.51624,848.81213,-140.89168,54089.863,757.9376,1327.9192,1064.9863,283071.0,0.00006151968,0.000005585233,-0.00016398898,0.00006280565,-0.00015927436,0.016137712,0.75286514,1882.1628,-0.12198165,-0.13544829,-0.25194862,-0.0000648093,-0.000071964176,-0.00013386122,872.0,5.25
0.3,0.01,0.03,Granulysed - Iota - Symmetric,52761.004,565.2882,1913.8765,565.2882,54546.402,2872.3525,1913.8765,2872.3525,279607.94,0.00006151968,0.000005585233,-0.00016398898,0.00006280565,-0.00015927436,0.016137712,0.7568043,1892.0107,-0.14419156,-0.16245133,-0.26888525,-0.00007621075,-0.000085861735,-0.00014211614,22.0,1.5
0.3,0.065,0.195,Granulysed - Velassco - Symmetric,52982.215,5.08371,944.4481,5.08371,53034.797,957.0991,944.4481,957.0991,277836.0,0.00006151968,0.000005585233,-0.00016398898,0.00006280565,-0.00015927436,0.016137712,0.7527446,1881.8615,-0.07963864,-0.09010893,-0.17646378,-0.000042319076,-0.000047882873,-0.00009377087,5577.0,9.75
0.3,0.021666666,0.065,Granulysed - Iota - Unsymmetric,53292.184,19.40121,593.53906,189.88269,54057.137,590.0886,1628.9578,1258.843,281817.38,0.00006151968,0.000005585233,-0.00016398898,0.00006280565,-0.00015927436,0.016137712,0.75186056,1879.6514,-0.13637565,-0.15171783,-0.26350954,-0.00007255369,-0.00008071594,-0.00014019065,203.0,3.25
0.3,0.008333334,0.025,Granulysed - Velassco - Symmetric,52158.98,-286.57104,1604.4425,-286.57104,53455.754,2866.632,1604.4425,2866.632,277264.4,0.00006151968,0.000005585233,-0.00016398898,0.00006280565,-0.00015927436,0.016137712,0.7470667,1867.6667,-0.14202169,-0.16245666,-0.2662427,-0.000076042306,-0.00008698375,-0.00014255366,10.0,1.25
0.3,0.05,0.15,Granulysed - Velassco - Unsymmetric,52968.86,-13.745211,1038.8738,-13.091354,53067.773,1047.5005,1037.2974,1046.0923,277869.66,0.00006151968,0.000005585233,-0.00016398898,0.00006280565,-0.00015927436,0.016137712,0.7527393,1881.8483,-0.10066202,-0.1126773,-0.2271929,-0.00005349104,-0.000059875867,-0.00012072859,2537.0,7.5000005
0.3,0.023333333,0.07,Granulysed - Iota - Symmetric,53342.88,-60.573475,1150.2251,-60.573475,54050.117,930.1651,1150.2251,930.1651,282023.25,0.00006151968,0.000005585233,-0.00016398898,0.00006280565,-0.00015927436,0.016137712,0.7508406,1877.1016,-0.13415456,-0.14913799,-0.2609861,-0.000071468996,-0.00007945121,-0.00013903675,250.0,3.5
0.3,0.05,0.15,Granulysed - Iota - Unsymmetric,53836.336,-87.621376,996.61804,-38.124325,53914.715,923.544,1097.2164,963.8973,282575.97,0.00006151968,0.000005585233,-0.00016398898,0.00006280565,-0.00015927436,0.016137712,0.7527393,1881.8483,-0.10066202,-0.1126773,-0.2271929,-0.00005349104,-0.000059875867,-0.00012072859,2537.0,7.5000005
0.3,0.055,0.165,Granulysed - Iota - Unsymmetric,53806.938,-65.15515,999.3414,-26.221937,53881.137,947.87384,1041.4446,951.0378,282391.03,0.00006151968,0.000005585233,-0.00016398898,0.00006280565,-0.00015927436,0.016137712,0.7527658,1881.9144,-0.09327099,-0.104792535,-0.2144773,-0.000049561757,-0.000055684006,-0.00011396762,3379.0,8.25
0.3,0.015,0.045,Granulysed - Velassco - Symmetric,52527.3,-433.9175,1225.0205,-433.9175,52751.992,1529.1096,1225.0205,1529.1096,275990.72,0.00006151968,0.000005585233,-0.00016398898,0.00006280565,-0.00015927436,0.016137712,0.7496218,1874.0544,-0.14063348,-0.15709111,-0.25270864,-0.000075042364,-0.0000838242,-0.00013484595,66.0,2.25
0.3,0.02,0.06,Granulysed - Iota - Unsymmetric,53339.645,-144.16484,515.55066,101.259155,54201.18,558.94867,1617.9149,1273.759,282131.72,0.00006151968,0.000005585233,-0.00016398898,0.00006280565,-0.00015927436,0.016137712,0.7533932,1883.4829,-0.13822074,-0.1538492,-0.25955513,-0.000073385716,-0.000081683356,-0.00013780594,164.0,3.0
0.3,0.008333334,0.025,Granulysed - Iota - Unsymmetric,50698.953,1587.8688,2020.8865,3609.284,53119.574,4213.99,4101.7456,5913.607,270921.75,0.00006151968,0.000005585233,-0.00016398898,0.00006280565,-0.00015927436,0.016137712,0.7470667,1867.6667,-0.14202169,-0.16245666,-0.2662427,-0.000076042306,-0.00008698375,-0.00014255366,10.0,1.25
0.3,0.011666667,0.035,Granulysed - Velassco - Symmetric,52171.27,202.03217,1783.7437,202.03217,52601.16,2237.071,1783.7437,2237.071,274151.22,0.00006151968,0.000005585233,-0.00016398898,0.00006280565,-0.00015927436,0.016137712,0.75103486,1877.5872,-0.14159063,-0.1587505,-0.2580945,-0.00007541094,-0.00008455027,-0.00013746072,31.0,1.75
0.3,0.03,0.09,Granulysed - Iota - Symmetric,53708.125,-128.23647,1073.5005,-128.23647,54166.414,882.92505,1073.5005,882.92505,283198.2,0.00006151968,0.000005585233,-0.00016398898,0.00006280565,-0.00015927436,0.016137712,0.7538445,1884.6113,-0.12807404,-0.14211929,-0.25455746,-0.00006795779,-0.0000754104,-0.00013507159,558.0,4.5
0.3,0.055,0.165,Granulysed - Velassco - Unsymmetric,52988.65,-30.794933,1003.1548,-30.250628,53071.117,1012.5057,997.7673,1007.3232,277931.94,0.00006151968,0.000005585233,-0.00016398898,0.00006280565,-0.00015927436,0.016137712,0.7527658,1881.9144,-0.09327099,-0.104792535,-0.2144773,-0.000049561757,-0.000055684006,-0.00011396762,3379.0,8.25
0.3,0.065,0.195,Granulysed - Iota - Unsymmetric,53715.207,-17.954046,966.4806,3.292614,53799.203,953.1349,955.5202,931.9044,281898.47,0.00006151968,0.000005585233,-0.00016398898,0.00006280565,-0.00015927436,0.016137712,0.7527446,1881.8615,-0.07963864,-0.09010893,-0.17646378,-0.000042319076,-0.000047882873,-0.00009377087,5577.0,9.75
0.3,0.018333333,0.055,Granulysed - Iota - Unsymmetric,53254.54,-115.24081,466.2974,226.3511,54190.977,547.87244,1656.884,1341.8501,281595.62,0.00006151968,0.000005585233,-0.00016398898,0.00006280565,-0.00015927436,0.016137712,0.7522864,1880.7161,-0.13806699,-0.15401073,-0.2616581,-0.000073411924,-0.00008188941,-0.00013912686,124.0,2.75
0.3,0.016666668,0.05,Granulysed - Velassco - Unsymmetric,52700.47,-11.696926,1105.3818,-12.956283,52872.375,1406.0317,1225.3365,1476.1368,276788.3,0.00006151968,0.000005585233,-0.00016398898,0.00006280565,-0.00015927436,0.016137712,0.7543326,1885.8314,-0.13927333,-0.15547934,-0.26740235,-0.000073852476,-0.000082446044,-0.00014179548,96.0,2.5
0.3,0.07,0.21,Granulysed - Iota - Symmetric,53668.89,9.751718,931.1099,9.751718,53751.91,931.512,931.1099,931.512,281639.34,0.00006151968,0.000005585233,-0.00016398898,0.00006280565,-0.00015927436,0.016137712,0.75303173,1882.5793,-0.07344576,-0.08335859,-0.15194687,-0.00003901337,-0.000044278928,-0.000080712074,6999.0,10.5
0.3,0.011666667,0.035,Granulysed - Iota - Unsymmetric,52704.38,200.47034,568.2696,1355.9064,54161.43,1201.1709,2338.3264,2723.353,278260.34,0.00006151968,0.000005585233,-0.00016398898,0.00006280565,-0.00015927436,0.016137712,0.75103486,1877.5872,-0.14159063,-0.1587505,-0.2580945,-0.00007541094,-0.00008455027,-0.00013746072,31.0,1.75
0.3,0.018333333,0.055,Granulysed - Iota - Symmetric,53254.54,55.555153,1061.5907,55.555153,54190.977,944.86127,1061.5907,944.86127,281595.62,0.00006151968,0.000005585233,-0.00016398898,0.00006280565,-0.00015927436,0.016137712,0.7522864,1880.7161,-0.13806699,-0.15401073,-0.2616581,-0.000073411924,-0.00008188941,-0.00013912686,124.0,2.75
0.3,0.025,0.075,Granulysed - Velassco - Unsymmetric,52912.957,-197.4978,1170.9106,-199.38884,53021.445,1307.1277,1268.9143,1394.2938,278024.25,0.00006151968,0.000005585233,-0.00016398898,0.00006280565,-0.00015927436,0.016137712,0.7519843,1879.9608,-0.13320445,-0.14792232,-0.26035464,-0.000070854905,-0.000078683726,-0.0001384894,313.0,3.7500002
0.3,0.018333333,0.055,Granulysed - Velassco - Symmetric,53029.543,-561.1953,1117.936,-561.1953,53185.215,1369.0033,1117.936,1369.0033,278651.5,0.00006151968,0.000005585233,-0.00016398898,0.00006280565,-0.00015927436,0.016137712,0.7522864,1880.7161,-0.13806699,-0.15401073,-0.2616581,-0.000073411924,-0.00008188941,-0.00013912686,124.0,2.75
0.3,0.065,0.195,Granulysed - Velassco - Unsymmetric,52982.215,4.638363,941.7763,5.529057,53034.797,954.8224,947.11993,959.37585,277836.0,0.00006151968,0.000005585233,-0.00016398898,0.00006280565,-0.00015927436,0.016137712,0.7527446,1881.8615,-0.07963864,-0.09010893,-0.17646378,-0.000042319076,-0.000047882873,-0.00009377087,5577.0,9.75
0.3,0.013333334,0.04,Granulysed - Velassco - Symmetric,52417.09,164.49332,961.28656,164.49332,52655.594,1290.8323,961.28656,1290.8323,275447.2,0.00006151968,0.000005585233,-0.00016398898,0.00006280565,-0.00015927436,0.016137712,0.75146484,1878.6621,-0.14014566,-0.15690143,-0.268471,-0.000074598654,-0.00008351764,-0.00014290542,47.0,2.0
0.3,0.011666667,0.035,Granulysed - Velassco - Unsymmetric,52171.27,147.21532,1472.7169,256.84903,52601.16,2008.4825,2094.7703,2465.6597,274151.22,0.00006151968,0.000005585233,-0.00016398898,0.00006280565,-0.00015927436,0.016137712,0.75103486,1877.5872,-0.14159063,-0.1587505,-0.2580945,-0.00007541094,-0.00008455027,-0.00013746072,31.0,1.75
0.3,0.03,0.09,Granulysed - Velassco - Unsymmetric,52945.48,-111.187744,1130.6771,-105.21824,53037.918,1222.2983,1153.437,1237.3746,278064.94,0.00006151968,0.000005585233,-0.00016398898,0.00006280565,-0.00015927436,0.016137712,0.7538445,1884.6113,-0.12807404,-0.14211929,-0.25455746,-0.00006795779,-0.0000754104,-0.00013507159,558.0,4.5
0.3,0.025,0.075,Granulysed - Iota - Symmetric,53484.312,-105.28258,1114.6775,-105.28258,54127.24,865.2541,1114.6775,865.2541,282593.75,0.00006151968,0.000005585233,-0.00016398898,0.00006280565,-0.00015927436,0.016137712,0.7519843,1879.9608,-0.13320445,-0.14792232,-0.26035464,-0.000070854905,-0.000078683726,-0.0001384894,313.0,3.7500002
0.3,0.065,0.195,Granulysed - Iota - Symmetric,53715.207,-7.330716,961.0004,-7.330716,53799.203,942.51965,961.0004,942.51965,281898.47,0.00006151968,0.000005585233,-0.00016398898,0.00006280565,-0.00015927436,0.016137712,0.7527446,1881.8615,-0.07963864,-0.09010893,-0.17646378,-0.000042319076,-0.000047882873,-0.00009377087,5577.0,9.75
0.3,0.016666668,0.05,Granulysed - Iota - Unsymmetric,53335.23,-11.916987,481.97794,483.14066,54400.31,592.1793,1776.897,1535.899,281888.53,0.00006151968,0.000005585233,-0.00016398898,0.00006280565,-0.00015927436,0.016137712,0.7543326,1885.8314,-0.13927333,-0.15547934,-0.26740235,-0.000073852476,-0.000082446044,-0.00014179548,96.0,2.5
0.3,0.06,0.18,Granulysed - Iota - Unsymmetric,53771.266,-39.13778,990.2163,-10.541074,53851.527,960.89795,998.15857,945.9772,282199.1,0.00006151968,0.000005585233,-0.00016398898,0.00006280565,-0.00015927436,0.016137712,0.7530171,1882.5428,-0.08636279,-0.097368136,-0.19703722,-0.0000458756,-0.000051721603,-0.000104665465,4405.0,9.0
0.3,0.02,0.06,Granulysed - Velassco - Symmetric,52717.977,-125.85709,1152.9083,-125.85709,52854.44,1368.8766,1152.9083,1368.8766,276967.22,0.00006151968,0.000005585233,-0.00016398898,0.00006280565,-0.00015927436,0.016137712,0.7533932,1883.4829,-0.13822074,-0.1538492,-0.25955513,-0.000073385716,-0.000081683356,-0.00013780594,164.0,3.0
0.3,0.06,0.18,Granulysed - Iota - Symmetric,53771.266,-24.839426,994.18744,-24.839426,53851.527,953.43756,994.18744,953.43756,282199.1,0.00006151968,0.000005585233,-0.00016398898,0.00006280565,-0.00015927436,0.016137712,0.7530171,1882.5428,-0.08636279,-0.097368136,-0.19703722,-0.0000458756,-0.000051721603,-0.000104665465,4405.0,9.0
0.3,0.045,0.135,Granulysed - Iota - Symmetric,53841.957,-96.78777,1057.5096,-96.78777,53947.387,924.19635,1057.5096,924.19635,282701.97,0.00006151968,0.000005585233,-0.00016398898,0.00006280565,-0.00015927436,0.016137712,0.75257725,1881.4431,-0.107685715,-0.12018112,-0.23731071,-0.000057235702,-0.000063877094,-0.00012613228,1845.0,6.7500005
0.3,0.04,0.12,Granulysed - Iota - Unsymmetric,53845.457,-140.0184,914.498,-75.46515,54016.855,818.26526,1228.5356,1011.67834,282926.53,0.00006151968,0.000005585233,-0.00016398898,0.00006280565,-0.00015927436,0.016137712,0.7530689,1882.6722,-0.11488277,-0.12785023,-0.24553725,-0.000061021117,-0.00006790892,-0.00013041953,1306.0,6.0
0.3,0.023333333,0.07,Granulysed - Velassco - Unsymmetric,52856.438,-247.57227,1193.4763,-237.26718,52972.895,1370.088,1332.1005,1515.1984,277800.06,0.00006151968,0.000005585233,-0.00016398898,0.00006280565,-0.00015927436,0.016137712,0.7508406,1877.1016,-0.13415456,-0.14913799,-0.2609861,-0.000071468996,-0.00007945121,-0.00013903675,250.0,3.5
0.3,0.07,0.21,Granulysed - Velassco - Unsymmetric,52957.176,17.419903,904.6354,16.838884,52997.258,920.96765,905.64716,922.45135,277682.06,0.00006151968,0.000005585233,-0.00016398898,0.00006280565,-0.00015927436,0.016137712,0.75303173,1882.5793,-0.07344576,-0.08335859,-0.15194687,-0.00003901337,-0.000044278928,-0.000080712074,6999.0,10.5
0.3,0.05,0.15,Granulysed - Velassco - Symmetric,52968.86,-13.4182825,1038.0856,-13.4182825,53067.773,1046.7964,1038.0856,1046.7964,277869.66,0.00006151968,0.000005585233,-0.00016398898,0.00006280565,-0.00015927436,0.016137712,0.7527393,1881.8483,-0.10066202,-0.1126773,-0.2271929,-0.00005349104,-0.000059875867,-0.00012072859,2537.0,7.5000005
